_id,task_id,worker_id,status,logs,completed_at,sla_success
691b3cb2d66e62100c9cb173,task-1763392683178495609,Tessa,success,"-17 15:18:08.606724] Starting Health Check...\nname: 94bb6a7418fd\non version: 3.11.14 (main, Nov  4 2025, 04:28:22) [GCC 14.2.0]\ntest completed: 332833500\nry test completed: 10000 items\n-17 15:18:10.607095] Health Check PASSED ✓\n",2025-11-17T15:18:10.802Z,false
691b3cbdd66e62100c9cb179,task-1763392688207884921,Shehzada,success,-17 15:18:19.345443] Starting JSON Parser...\nrated 100 records\nl Score: 49500\nve Users: 50\nage Score: 495.00\nrated summary.csv\n-17 15:18:19.345799] JSON Parser completed ✓\n,2025-11-17T15:18:21.122Z,false
691b3cbdd66e62100c9cb17b,task-1763392647474158347,Tessa,success,"-17 15:17:46.582912] Starting CPU-Intensive Process 1: Matrix Operations\nng 82 matrix operations starting from 223x223...\nted 10/82 operations, Size: 484x484, CPU: 414.5%, Memory: 46.87MB\nted 20/82 operations, Size: 1021x1021, CPU: 538.3%, Memory: 67.49MB\nted 30/82 operations, Size: 1325x1325, CPU: 362.2%, Memory: 99.43MB\nted 40/82 operations, Size: 1393x1393, CPU: 428.7%, Memory: 95.39MB\nted 50/82 operations, Size: 1791x1791, CPU: 352.2%, Memory: 158.51MB\nted 60/82 operations, Size: 1167x1167, CPU: 338.9%, Memory: 103.93MB\nted 70/82 operations, Size: 913x913, CPU: 378.3%, Memory: 61.39MB\nted 80/82 operations, Size: 2277x2277, CPU: 401.4%, Memory: 162.40MB\n\nng final intensive operations...\nmpleted on 300x300 matrix\nomposition completed on 400x400 matrix\n\n====================================================\ncompleted successfully!\n multiplied: 82\nd GFLOPS: 24.02\n: 1075.7%\nory: 351.95 MB\n: 34.33 seconds\n====================================================\n",2025-11-17T15:18:21.263Z,false
691b3cbfd66e62100c9cb17d,task-1763392693236222521,Tessa,success,-17 15:18:23.049171] Starting Log Analyzer...\nrated 500 log entries\n\nysis Results:\n 140 entries\n 117 entries\n125 entries\n118 entries\n\n-17 15:18:23.049452] Log Analyzer completed ✓\n,2025-11-17T15:18:23.582Z,false
691b3cc4d66e62100c9cb181,task-1763392698266465608,Shehzada,success,-17 15:18:26.791942] Starting String Processor...\nl words: 660\nue words: 29\n\nost Common Words:\n 60\ning: 60\ns: 20\nand: 20\n: 20\n  to: 20\nces.: 20\ntructure: 20\nes: 20\nility: 20\n\nrated word_frequencies.csv\n-17 15:18:26.796295] String Processor completed ✓\n,2025-11-17T15:18:28.977Z,false
691b3ccad66e62100c9cb184,task-1763392703295179055,Tessa,success,"-17 15:18:32.535506] Starting Ping Tests...\n\ngoogle.com...\nfrom google.com: time=39.12ms\nfrom google.com: time=12.31ms\nfrom google.com: time=36.70ms\nfrom google.com: time=42.12ms\nfrom google.com: time=33.08ms\n\ntics:\nets: Sent = 5, Received = 5, Lost = 0 (0% loss)\nmum = 12.31ms, Maximum = 42.12ms, Average = 32.67ms\n\ngithub.com...\nfrom github.com: time=17.88ms\nfrom github.com: time=24.53ms\nfrom github.com: time=31.96ms\nfrom github.com: time=33.56ms\nfrom github.com: time=42.52ms\n\ntics:\nets: Sent = 5, Received = 5, Lost = 0 (0% loss)\nmum = 17.88ms, Maximum = 42.52ms, Average = 30.09ms\n\ncloudflare.com...\nfrom cloudflare.com: time=17.22ms\nfrom cloudflare.com: time=15.84ms\nfrom cloudflare.com: time=40.51ms\nfrom cloudflare.com: time=13.39ms\nfrom cloudflare.com: time=11.00ms\n\ntics:\nets: Sent = 5, Received = 5, Lost = 0 (0% loss)\nmum = 11.00ms, Maximum = 40.51ms, Average = 19.60ms\n\n-17 15:18:34.039494] Ping Tests completed ✓\n",2025-11-17T15:18:34.300Z,false
691b3ccfd66e62100c9cb188,task-1763392708325079477,Tessa,success,"-17 15:18:34.525809] Starting Monte Carlo Pi Estimation...\n10,000,000 samples...\nss: 1,000,000 samples, Current Pi estimate: 3.140148\nss: 2,000,000 samples, Current Pi estimate: 3.142752\nss: 3,000,000 samples, Current Pi estimate: 3.142305\nss: 4,000,000 samples, Current Pi estimate: 3.141998\nss: 5,000,000 samples, Current Pi estimate: 3.141200\nss: 6,000,000 samples, Current Pi estimate: 3.141211\nss: 7,000,000 samples, Current Pi estimate: 3.141415\nss: 8,000,000 samples, Current Pi estimate: 3.141777\nss: 9,000,000 samples, Current Pi estimate: 3.141701\nss: 10,000,000 samples, Current Pi estimate: 3.141774\n\nl Pi Estimate: 3.1417744000\nr: 0.0001817464\nracy: 99.9942%\nrated pi_estimation.csv\n-17 15:18:37.632850] Monte Carlo completed ✓\n",2025-11-17T15:18:39.277Z,false
691b3ccfd66e62100c9cb189,task-1763392642447533354,Tessa,success,"-17 15:17:46.582921] Starting CPU-Intensive Process 1: Matrix Operations\nng 86 matrix operations starting from 202x202...\nted 10/86 operations, Size: 445x445, CPU: 388.4%, Memory: 41.71MB\nted 20/86 operations, Size: 1019x1019, CPU: 438.5%, Memory: 67.42MB\nted 30/86 operations, Size: 1159x1159, CPU: 624.3%, Memory: 69.82MB\nted 40/86 operations, Size: 1099x1099, CPU: 410.2%, Memory: 80.25MB\nted 50/86 operations, Size: 1084x1084, CPU: 511.3%, Memory: 68.28MB\nted 60/86 operations, Size: 1323x1323, CPU: 330.5%, Memory: 115.56MB\nted 70/86 operations, Size: 2410x2410, CPU: 401.2%, Memory: 188.18MB\nted 80/86 operations, Size: 4152x4152, CPU: 392.6%, Memory: 438.84MB\n\nng final intensive operations...\nmpleted on 300x300 matrix\nomposition completed on 400x400 matrix\n\n====================================================\ncompleted successfully!\n multiplied: 86\nd GFLOPS: 25.90\n: 1592.0%\nory: 438.84 MB\n: 52.55 seconds\n====================================================\n",2025-11-17T15:18:39.422Z,false
691b3cd6d66e62100c9cb18d,task-1763392713349243335,Shehzada,success,"-17 15:18:41.939549] Starting Prime Number Generator...\nfirst 100,000 prime numbers...\n10,000 primes, latest: 104,729\n20,000 primes, latest: 224,737\n30,000 primes, latest: 350,377\n40,000 primes, latest: 479,909\n50,000 primes, latest: 611,953\n60,000 primes, latest: 746,773\n70,000 primes, latest: 882,377\n80,000 primes, latest: 1,020,379\n90,000 primes, latest: 1,159,523\n100,000 primes, latest: 1,299,709\n\nd 100,000 prime numbers\nest prime: 1,299,709\nof all primes: 62,260,698,721\nrated primes.csv (sample of 1000 primes)\n-17 15:18:44.331105] Prime Generator completed ✓\n",2025-11-17T15:18:46.115Z,false
691b3cd8d66e62100c9cb191,task-1763392718379002339,Tessa,success,-17 15:18:44.793321] Starting Matrix Operations...\n\nsing 100x100 matrices...\nltiplication completed in 0.04s\nsult sum: 43700.57\n\nsing 200x200 matrices...\nltiplication completed in 0.37s\nsult sum: 55830.09\n\nsing 300x300 matrices...\nltiplication completed in 1.30s\nsult sum: 266062.46\n\nrated matrix_results.csv\n-17 15:18:46.494066] Matrix Operations completed ✓\n,2025-11-17T15:18:48.863Z,false
691b3cdad66e62100c9cb192,task-1763392723410302320,Tessa,failed,"-17 15:18:48.855797] Starting Fibonacci Computation...\n\ng Fibonacci numbers (memoized):\n = 354224848179261915075\nts: 21, Time: 0.0000s\n = 13942322456169788013...57658876222521294125\nts: 105, Time: 0.0001s\nk (most recent call last):\n/app/workload.py"", line 60, in <module>\n(run_fibonacci_tests())\n ^^^^^^^^^^^^^^^^^^^^^\n/app/workload.py"", line 37, in run_fibonacci_tests\nlt = fibonacci_memo(n)\n     ^^^^^^^^^^^^^^^^^\n/app/workload.py"", line 17, in fibonacci_memo\nrn fibonacci_memo(n-1) + fibonacci_memo(n-2)\n   ^^^^^^^^^^^^^^^^^^^\n/app/workload.py"", line 17, in fibonacci_memo\nrn fibonacci_memo(n-1) + fibonacci_memo(n-2)\n   ^^^^^^^^^^^^^^^^^^^\n/app/workload.py"", line 17, in fibonacci_memo\nrn fibonacci_memo(n-1) + fibonacci_memo(n-2)\n   ^^^^^^^^^^^^^^^^^^^\nous line repeated 496 more times]\nnError: maximum recursion depth exceeded while calling a Python object\n",2025-11-17T15:18:50.113Z,false
691b3cdfd66e62100c9cb196,task-1763392728441302834,Tessa,success,"-17 15:18:53.701917] Starting Sort Benchmark...\n\ng with 1,000 elements:\nle Sort: 0.0180s\nk Sort: 0.0007s\ne Sort: 0.0008s\nt-in Sort: 0.0001s\n\ng with 5,000 elements:\nle Sort: 0.5523s\nk Sort: 0.0064s\ne Sort: 0.0045s\nt-in Sort: 0.0003s\n\ng with 10,000 elements:\nle Sort: Skipped (too slow for 10000 elements)\nk Sort: 0.0084s\ne Sort: 0.0094s\nt-in Sort: 0.0008s\n\nrated sort_benchmark.csv\n-17 15:18:54.309418] Sort Benchmark completed ✓\n",2025-11-17T15:18:55.462Z,false
691b3cffd66e62100c9cb19e,task-1763392733470633147,Tessa,success,"-17 15:19:06.750246] Starting IO-Intensive Process 1: File Operations\n Creating 25 files...\n/25: 17MB written, Memory: 31.37MB\n/25: 17MB written, Memory: 33.46MB\n/25: 17MB written, Memory: 35.31MB\n/25: 17MB written, Memory: 55.78MB\n/25: 17MB written, Memory: 72.81MB\n/25: 17MB written, Memory: 72.81MB\n/25: 17MB written, Memory: 72.81MB\n/25: 17MB written, Memory: 72.81MB\n/25: 17MB written, Memory: 72.81MB\n0/25: 17MB written, Memory: 72.81MB\n1/25: 17MB written, Memory: 72.81MB\n2/25: 17MB written, Memory: 89.84MB\n3/25: 17MB written, Memory: 89.84MB\n4/25: 17MB written, Memory: 89.84MB\n5/25: 17MB written, Memory: 100.31MB\n6/25: 17MB written, Memory: 100.31MB\n7/25: 17MB written, Memory: 100.31MB\n8/25: 17MB written, Memory: 100.31MB\n9/25: 17MB written, Memory: 100.31MB\n0/25: 17MB written, Memory: 117.34MB\n1/25: 17MB written, Memory: 117.34MB\n2/25: 17MB written, Memory: 117.34MB\n3/25: 17MB written, Memory: 128.28MB\n4/25: 17MB written, Memory: 128.28MB\n5/25: 17MB written, Memory: 128.28MB\n\n Reading 25 files...\n/25: Read 17825792 bytes\n/25: Read 17825792 bytes\n/25: Read 17825792 bytes\n/25: Read 17825792 bytes\n/25: Read 17825792 bytes\n/25: Read 17825792 bytes\n/25: Read 17825792 bytes\n/25: Read 17825792 bytes\n/25: Read 17825792 bytes\n0/25: Read 17825792 bytes\n1/25: Read 17825792 bytes\n2/25: Read 17825792 bytes\n3/25: Read 17825792 bytes\n4/25: Read 17825792 bytes\n5/25: Read 17825792 bytes\n6/25: Read 17825792 bytes\n7/25: Read 17825792 bytes\n8/25: Read 17825792 bytes\n9/25: Read 17825792 bytes\n0/25: Read 17825792 bytes\n1/25: Read 17825792 bytes\n2/25: Read 17825792 bytes\n3/25: Read 17825792 bytes\n4/25: Read 17825792 bytes\n5/25: Read 17825792 bytes\n\n Random access pattern...\n\n====================================================\ncompleted successfully!\neated: 25\nitten: 425.00 MB\nad: 425.00 MB\nory: 128.28 MB\n: 19.89 seconds\n====================================================\n",2025-11-17T15:19:27.310Z,false
691b3d1ed66e62100c9cb1a9,task-1763392738502248459,Tessa,success,"-17 15:19:34.383379] Starting IO-Intensive Process 1: File Operations\n Creating 28 files...\n/28: 9MB written, Memory: 26.23MB\n/28: 9MB written, Memory: 29.87MB\n/28: 9MB written, Memory: 33.52MB\n/28: 9MB written, Memory: 46.34MB\n/28: 9MB written, Memory: 55.09MB\n/28: 9MB written, Memory: 55.09MB\n/28: 9MB written, Memory: 55.09MB\n/28: 9MB written, Memory: 55.09MB\n/28: 9MB written, Memory: 57.43MB\n0/28: 9MB written, Memory: 57.43MB\n1/28: 9MB written, Memory: 59.30MB\n2/28: 9MB written, Memory: 68.37MB\n3/28: 9MB written, Memory: 68.37MB\n4/28: 9MB written, Memory: 70.55MB\n5/28: 9MB written, Memory: 79.62MB\n6/28: 9MB written, Memory: 79.62MB\n7/28: 9MB written, Memory: 83.84MB\n8/28: 9MB written, Memory: 83.84MB\n9/28: 9MB written, Memory: 83.84MB\n0/28: 9MB written, Memory: 92.74MB\n1/28: 9MB written, Memory: 92.74MB\n2/28: 9MB written, Memory: 97.74MB\n3/28: 9MB written, Memory: 97.74MB\n4/28: 9MB written, Memory: 100.55MB\n5/28: 9MB written, Memory: 109.46MB\n6/28: 9MB written, Memory: 109.46MB\n7/28: 9MB written, Memory: 109.46MB\n8/28: 9MB written, Memory: 118.21MB\n\n Reading 28 files...\n/28: Read 9437184 bytes\n/28: Read 9437184 bytes\n/28: Read 9437184 bytes\n/28: Read 9437184 bytes\n/28: Read 9437184 bytes\n/28: Read 9437184 bytes\n/28: Read 9437184 bytes\n/28: Read 9437184 bytes\n/28: Read 9437184 bytes\n0/28: Read 9437184 bytes\n1/28: Read 9437184 bytes\n2/28: Read 9437184 bytes\n3/28: Read 9437184 bytes\n4/28: Read 9437184 bytes\n5/28: Read 9437184 bytes\n6/28: Read 9437184 bytes\n7/28: Read 9437184 bytes\n8/28: Read 9437184 bytes\n9/28: Read 9437184 bytes\n0/28: Read 9437184 bytes\n1/28: Read 9437184 bytes\n2/28: Read 9437184 bytes\n3/28: Read 9437184 bytes\n4/28: Read 9437184 bytes\n5/28: Read 9437184 bytes\n6/28: Read 9437184 bytes\n7/28: Read 9437184 bytes\n8/28: Read 9437184 bytes\n\n Random access pattern...\n\n====================================================\ncompleted successfully!\neated: 28\nitten: 252.00 MB\nad: 252.00 MB\nory: 118.21 MB\n: 22.17 seconds\n====================================================\n",2025-11-17T15:19:58.103Z,false
691b3d39d66e62100c9cb1b0,task-1763392743533568466,Tessa,success,"-17 15:20:03.841453] Starting IO-Intensive Process 1: File Operations\n Creating 29 files...\n/29: 11MB written, Memory: 26.43MB\n/29: 11MB written, Memory: 28.53MB\n/29: 11MB written, Memory: 29.58MB\n/29: 11MB written, Memory: 43.80MB\n/29: 11MB written, Memory: 54.89MB\n/29: 11MB written, Memory: 54.89MB\n/29: 11MB written, Memory: 54.89MB\n/29: 11MB written, Memory: 54.89MB\n/29: 11MB written, Memory: 59.43MB\n0/29: 11MB written, Memory: 70.21MB\n1/29: 11MB written, Memory: 70.21MB\n2/29: 11MB written, Memory: 70.21MB\n3/29: 11MB written, Memory: 70.21MB\n4/29: 11MB written, Memory: 73.18MB\n5/29: 11MB written, Memory: 84.11MB\n6/29: 11MB written, Memory: 84.11MB\n7/29: 11MB written, Memory: 84.11MB\n8/29: 11MB written, Memory: 95.21MB\n9/29: 11MB written, Memory: 95.21MB\n0/29: 11MB written, Memory: 95.21MB\n1/29: 11MB written, Memory: 104.58MB\n2/29: 11MB written, Memory: 104.58MB\n3/29: 11MB written, Memory: 104.58MB\n4/29: 11MB written, Memory: 115.52MB\n5/29: 11MB written, Memory: 115.52MB\n6/29: 11MB written, Memory: 115.68MB\n7/29: 11MB written, Memory: 126.61MB\n8/29: 11MB written, Memory: 126.61MB\n9/29: 11MB written, Memory: 126.61MB\n\n Reading 29 files...\n/29: Read 11534336 bytes\n/29: Read 11534336 bytes\n/29: Read 11534336 bytes\n/29: Read 11534336 bytes\n/29: Read 11534336 bytes\n/29: Read 11534336 bytes\n/29: Read 11534336 bytes\n/29: Read 11534336 bytes\n/29: Read 11534336 bytes\n0/29: Read 11534336 bytes\n1/29: Read 11534336 bytes\n2/29: Read 11534336 bytes\n3/29: Read 11534336 bytes\n4/29: Read 11534336 bytes\n5/29: Read 11534336 bytes\n6/29: Read 11534336 bytes\n7/29: Read 11534336 bytes\n8/29: Read 11534336 bytes\n9/29: Read 11534336 bytes\n0/29: Read 11534336 bytes\n1/29: Read 11534336 bytes\n2/29: Read 11534336 bytes\n3/29: Read 11534336 bytes\n4/29: Read 11534336 bytes\n5/29: Read 11534336 bytes\n6/29: Read 11534336 bytes\n7/29: Read 11534336 bytes\n8/29: Read 11534336 bytes\n9/29: Read 11534336 bytes\n\n Random access pattern...\n\n====================================================\ncompleted successfully!\neated: 29\nitten: 319.00 MB\nad: 319.00 MB\nory: 126.61 MB\n: 21.22 seconds\n====================================================\n",2025-11-17T15:20:25.398Z,false
691b3d4fd66e62100c9cb1b4,task-1763392748564480181,Tessa,success,"-17 15:20:29.429336] Starting IO-Intensive Process 1: File Operations\n Creating 22 files...\n/22: 18MB written, Memory: 35.77MB\n/22: 18MB written, Memory: 37.95MB\n/22: 18MB written, Memory: 40.75MB\n/22: 18MB written, Memory: 63.25MB\n/22: 18MB written, Memory: 81.21MB\n/22: 18MB written, Memory: 81.21MB\n/22: 18MB written, Memory: 81.21MB\n/22: 18MB written, Memory: 81.21MB\n/22: 18MB written, Memory: 81.21MB\n0/22: 18MB written, Memory: 81.21MB\n1/22: 18MB written, Memory: 81.21MB\n2/22: 18MB written, Memory: 99.18MB\n3/22: 18MB written, Memory: 99.18MB\n4/22: 18MB written, Memory: 99.18MB\n5/22: 18MB written, Memory: 107.46MB\n6/22: 18MB written, Memory: 107.46MB\n7/22: 18MB written, Memory: 107.46MB\n8/22: 18MB written, Memory: 107.46MB\n9/22: 18MB written, Memory: 107.46MB\n0/22: 18MB written, Memory: 107.46MB\n1/22: 18MB written, Memory: 112.31MB\n2/22: 18MB written, Memory: 112.31MB\n\n Reading 22 files...\n/22: Read 18874368 bytes\n/22: Read 18874368 bytes\n/22: Read 18874368 bytes\n/22: Read 18874368 bytes\n/22: Read 18874368 bytes\n/22: Read 18874368 bytes\n/22: Read 18874368 bytes\n/22: Read 18874368 bytes\n/22: Read 18874368 bytes\n0/22: Read 18874368 bytes\n1/22: Read 18874368 bytes\n2/22: Read 18874368 bytes\n3/22: Read 18874368 bytes\n4/22: Read 18874368 bytes\n5/22: Read 18874368 bytes\n6/22: Read 18874368 bytes\n7/22: Read 18874368 bytes\n8/22: Read 18874368 bytes\n9/22: Read 18874368 bytes\n0/22: Read 18874368 bytes\n1/22: Read 18874368 bytes\n2/22: Read 18874368 bytes\n\n Random access pattern...\n\n====================================================\ncompleted successfully!\neated: 22\nitten: 396.00 MB\nad: 396.00 MB\nory: 112.31 MB\n: 17.35 seconds\n====================================================\n",2025-11-17T15:20:47.060Z,false
691b3d5bd66e62100c9cb1b7,task-1763392753594341680,Tessa,success,"-17 15:20:57.381039] Starting Dataset Merge...\n\nng datasets:\nting dataset with 500,000 rows...\nrated 200,000 rows...\nrated 400,000 rows...\nting dataset with 500,000 rows...\nrated 200,000 rows...\nrated 400,000 rows...\nting dataset with 500,000 rows...\nrated 200,000 rows...\nrated 400,000 rows...\n\nrated 500,000 + 500,000 + 500,000 records\n\ndatasets...\ned total: 1,500,000 records\n\ng statistics...\nScore: 75,059,075.96\ne Age: 49.01\n Users: 749,186 (49.9%)\n\nby City:\no: 300,608\nn: 299,697\n9,710\n99,941\nx: 300,044\n\nrated merged_dataset.csv\n-17 15:20:59.111880] Dataset Merge completed ✓\n",2025-11-17T15:20:59.353Z,false
691b3d65d66e62100c9cb1ba,task-1763392758622557804,Tessa,success,"-17 15:21:07.052127] Starting Data Aggregation...\nting 2,000,000 transactions...\nrated 400,000 transactions...\nrated 800,000 transactions...\nrated 1,200,000 transactions...\nrated 1,600,000 transactions...\nrated 2,000,000 transactions...\n\nrated 2,000,000 transactions\n\ning by category...\n\n Analysis:\n: 248,874 transactions, $125,561,298.55 total, $504.52 avg\n 250,093 transactions, $126,150,877.25 total, $504.42 avg\nng: 250,491 transactions, $126,106,286.40 total, $503.44 avg\nonics: 250,281 transactions, $126,465,843.12 total, $505.30 avg\n249,692 transactions, $126,169,899.85 total, $505.30 avg\n249,444 transactions, $126,022,806.75 total, $505.21 avg\n: 251,000 transactions, $126,956,029.63 total, $505.80 avg\n250,125 transactions, $126,240,231.74 total, $504.71 avg\n\ning by country...\n\nAnalysis:\n: 286,471 transactions, $144,795,126.36\n: 286,579 transactions, $144,581,010.31\ny: 286,119 transactions, $144,480,498.84\n5,658 transactions, $144,212,488.36\nlia: 285,411 transactions, $143,987,354.20\n 285,077 transactions, $143,858,179.65\n84,685 transactions, $143,758,615.59\n\nrated aggregated_data.csv\n-17 15:21:09.676351] Data Aggregation completed ✓\n",2025-11-17T15:21:09.987Z,false
691b3d6ed66e62100c9cb1bc,task-1763392763651974189,Tessa,success,"-17 15:21:16.990568] Starting Graph Analysis...\nng graph with 100,000 nodes and 500,000 edges...\nd 20,000 nodes...\nd 40,000 nodes...\nd 60,000 nodes...\nd 80,000 nodes...\nd 100,000 nodes...\nd 100,000 edges...\nd 200,000 edges...\nd 300,000 edges...\nd 400,000 edges...\nd 500,000 edges...\n\nh built: 100,000 nodes, 500,000 edges\n\ng connectivity...\ne neighbors (sample): 4.74\nighbors: 13 (Node 78535)\ne edge weight: 50.59\n\nighest value nodes:\n080: value = 1000\n106: value = 1000\n105: value = 1000\n509: value = 1000\n736: value = 1000\n802: value = 1000\n468: value = 1000\n975: value = 1000\n976: value = 1000\n625: value = 1000\n\n-17 15:21:18.220463] Graph Analysis completed ✓\n",2025-11-17T15:21:18.382Z,false
691b3d70d66e62100c9cb1be,task-1763392678151373829,Tessa,success,"-17 15:18:04.087214] Starting CPU-Intensive Process 1: Matrix Operations\nng 133 matrix operations starting from 301x301...\nted 10/133 operations, Size: 490x490, CPU: 379.0%, Memory: 47.70MB\nted 20/133 operations, Size: 1042x1042, CPU: 404.5%, Memory: 70.89MB\nted 30/133 operations, Size: 678x678, CPU: 311.9%, Memory: 61.70MB\nted 40/133 operations, Size: 769x769, CPU: 485.4%, Memory: 111.88MB\nted 50/133 operations, Size: 840x840, CPU: 307.0%, Memory: 58.41MB\nted 60/133 operations, Size: 1835x1835, CPU: 385.1%, Memory: 148.58MB\nted 70/133 operations, Size: 2785x2785, CPU: 401.6%, Memory: 280.09MB\nted 80/133 operations, Size: 4014x4014, CPU: 396.0%, Memory: 440.45MB\nted 90/133 operations, Size: 4306x4306, CPU: 393.9%, Memory: 470.84MB\nted 100/133 operations, Size: 4162x4162, CPU: 394.7%, Memory: 443.77MB\nted 110/133 operations, Size: 3135x3135, CPU: 404.9%, Memory: 271.22MB\nted 120/133 operations, Size: 3990x3990, CPU: 393.2%, Memory: 412.54MB\nted 130/133 operations, Size: 3268x3268, CPU: 393.5%, Memory: 356.81MB\n\nng final intensive operations...\nmpleted on 300x300 matrix\nomposition completed on 400x400 matrix\n\n====================================================\ncompleted successfully!\n multiplied: 133\nd GFLOPS: 32.79\n: 535.9%\nory: 1124.44 MB\n: 196.59 seconds\n====================================================\n",2025-11-17T15:21:20.950Z,false
691b3d7bd66e62100c9cb1c0,task-1763392785174681653,Tessa,success,"-17 15:21:26.713648] Starting Statistical Analysis (Mixed Workload)...\nMixed Mode - Balanced CPU & Memory\n\n====================================================\ncal Analysis Configuration\n====================================================\ns: Descriptive Stats, T-Test, ANOVA, Correlation\nles per group: 1,000\n\nE] Generating sample data...\nE] ✓ Generated 3 groups with 1,000 samples each\n\nTIVE] Computing descriptive statistics...\n\nA:\n: 50.11, Std: 9.95\nan: 50.07, IQR: [43.81, 56.72]\n\nB:\n: 51.76, Std: 10.29\nan: 51.88, IQR: [44.49, 58.96]\n\nC:\n: 48.37, Std: 10.48\nan: 48.40, IQR: [41.20, 55.48]\n\n Performing independent samples t-tests...\nA vs B: t=-3.6557, p=0.0037, df=1998\nA vs C: t=3.7975, p=0.0063, df=1998\nB vs C: t=7.2983, p=0.0089, df=1998\n\nPerforming one-way ANOVA...\nistic: 27.3916\ne: 0.0552\n, 2997)\n\nTION] Computing correlations...\nA & B: r=0.0345\nA & C: r=0.0136\n\n====================================================\ncal Analysis Completed!\n====================================================\nration: 4.41s\nmples Analyzed: 3,000\nrformed: 7\n\n-17 15:21:31.122328] Statistical Analysis completed ✓\n",2025-11-17T15:21:31.301Z,false
691b3d7bd66e62100c9cb1c2,task-1763392768681433979,Tessa,success,"-17 15:21:28.601884] Starting Time Series Analysis...\nting 1000 time series with 10000 points each...\nrated 200 series...\nrated 400 series...\nrated 600 series...\nrated 800 series...\nrated 1000 series...\n\nrated 1000 time series\nl data points: 10,000,000\n\ng time series...\n_0: mean=97.85, std=52.58, range=224.73\n_1: mean=88.79, std=61.76, range=300.26\n_2: mean=237.56, std=76.10, range=347.44\n_3: mean=94.64, std=57.26, range=309.71\n_4: mean=63.36, std=40.07, range=166.19\n_5: mean=559.88, std=282.19, range=997.32\n_6: mean=206.41, std=128.30, range=505.13\n_7: mean=339.54, std=177.59, range=669.39\n_8: mean=321.94, std=173.69, range=635.96\n_9: mean=50.45, std=44.78, range=206.69\n\nrated timeseries_stats.csv\n-17 15:21:31.293929] Time Series Analysis completed ✓\n",2025-11-17T15:21:31.738Z,false
691b3dd4d66e62100c9cb1c5,task-1763392673126653014,Shehzada,success,"-17 15:17:58.791234] Starting CPU-Intensive Process 1: Matrix Operations\nng 148 matrix operations starting from 452x452...\nted 10/148 operations, Size: 812x812, CPU: 372.7%, Memory: 57.73MB\nted 20/148 operations, Size: 1098x1098, CPU: 372.4%, Memory: 84.49MB\nted 30/148 operations, Size: 1873x1873, CPU: 404.6%, Memory: 146.38MB\nted 40/148 operations, Size: 1232x1232, CPU: 363.0%, Memory: 153.51MB\nted 50/148 operations, Size: 2461x2461, CPU: 393.0%, Memory: 230.89MB\nted 60/148 operations, Size: 2753x2753, CPU: 398.8%, Memory: 223.60MB\nted 70/148 operations, Size: 1349x1349, CPU: 398.2%, Memory: 92.66MB\nted 80/148 operations, Size: 2901x2901, CPU: 398.3%, Memory: 258.51MB\nted 90/148 operations, Size: 2944x2944, CPU: 396.6%, Memory: 299.58MB\nted 100/148 operations, Size: 5105x5105, CPU: 370.9%, Memory: 707.13MB\nted 110/148 operations, Size: 5139x5139, CPU: 376.7%, Memory: 661.32MB\nted 120/148 operations, Size: 3784x3784, CPU: 397.2%, Memory: 386.12MB\nted 130/148 operations, Size: 5870x5870, CPU: 381.3%, Memory: 834.27MB\nted 140/148 operations, Size: 2815x2815, CPU: 403.7%, Memory: 228.22MB\n\nng final intensive operations...\nmpleted on 300x300 matrix\nomposition completed on 400x400 matrix\n\n====================================================\ncompleted successfully!\n multiplied: 148\nd GFLOPS: 37.82\n: 598.8%\nory: 1201.48 MB\n: 300.41 seconds\n====================================================\n",2025-11-17T15:23:00.027Z,false
691b3e28d66e62100c9cb1c6,task-1763392668095740561,Shehzada,success,"-17 15:17:54.192686] Starting CPU-Intensive Process 1: Matrix Operations\nng 146 matrix operations starting from 358x358...\nted 10/146 operations, Size: 808x808, CPU: 428.1%, Memory: 54.61MB\nted 20/146 operations, Size: 624x624, CPU: 418.1%, Memory: 54.10MB\nted 30/146 operations, Size: 1257x1257, CPU: 378.4%, Memory: 95.97MB\nted 40/146 operations, Size: 1099x1099, CPU: 379.7%, Memory: 143.01MB\nted 50/146 operations, Size: 1338x1338, CPU: 379.0%, Memory: 126.18MB\nted 60/146 operations, Size: 1066x1066, CPU: 409.7%, Memory: 74.45MB\nted 70/146 operations, Size: 2566x2566, CPU: 388.0%, Memory: 200.30MB\nted 80/146 operations, Size: 1543x1543, CPU: 386.8%, Memory: 105.71MB\nted 90/146 operations, Size: 4541x4541, CPU: 385.6%, Memory: 571.69MB\nted 100/146 operations, Size: 3031x3031, CPU: 391.3%, Memory: 265.63MB\nted 110/146 operations, Size: 4609x4609, CPU: 372.7%, Memory: 594.81MB\nted 120/146 operations, Size: 1905x1905, CPU: 384.7%, Memory: 127.26MB\nted 130/146 operations, Size: 6679x6679, CPU: 388.1%, Memory: 1067.49MB\nted 140/146 operations, Size: 2165x2165, CPU: 409.0%, Memory: 155.30MB\n\nng final intensive operations...\nmpleted on 300x300 matrix\nomposition completed on 400x400 matrix\n\n====================================================\ncompleted successfully!\n multiplied: 146\nd GFLOPS: 32.76\n: 521.8%\nory: 1323.04 MB\n: 389.17 seconds\n====================================================\n",2025-11-17T15:24:24.860Z,false
691b43eed66e62100c9cb1c8,task-1763392800271029041,Tessa,failed,Error creating container: Error response from daemon: unknown or invalid runtime name: nvidia,2025-11-17T15:49:02.870Z,false
691b43f5d66e62100c9cb1ca,task-1763392805300203755,Tessa,failed,Error creating container: Error response from daemon: unknown or invalid runtime name: nvidia,2025-11-17T15:49:09.031Z,false
691b43fbd66e62100c9cb1cc,task-1763392810329375064,Tessa,failed,Error creating container: Error response from daemon: unknown or invalid runtime name: nvidia,2025-11-17T15:49:15.217Z,false
691b43ffd66e62100c9cb1ce,task-1763392815360904555,Tessa,failed,Error creating container: Error response from daemon: unknown or invalid runtime name: nvidia,2025-11-17T15:49:19.710Z,false
691b4406d66e62100c9cb1d0,task-1763392820394788487,Tessa,failed,Error creating container: Error response from daemon: unknown or invalid runtime name: nvidia,2025-11-17T15:49:26.031Z,false
691b4410d66e62100c9cb1d2,task-1763392825427608857,Tessa,failed,"Error pulling image: Error response from daemon: pull access denied for moinvinchhi/cloudai-gpu-heavy, repository does not exist or may require 'docker login': denied: requested access to the resource is denied",2025-11-17T15:49:36.274Z,false
691b4418d66e62100c9cb1d4,task-1763392830457618370,Tessa,failed,"Error pulling image: Error response from daemon: pull access denied for moinvinchhi/cloudai-gpu-heavy, repository does not exist or may require 'docker login': denied: requested access to the resource is denied",2025-11-17T15:49:44.364Z,false
